{"cameraMode":{"drawMode":0,"name":"Shaded","section":"Shading Mode"},"sceneLighting":false,"audioPlay":false,"sceneViewState":{"showFog":true,"showMaterialUpdate":true,"showSkybox":true,"showFlares":true,"showImageEffects":true,"showParticleSystems":true},"in2DMode":false,"pivot":{"x":179.88400268554688,"y":-39.320701599121097,"z":-840.3790283203125},"rotation":{"x":0.22034244239330293,"y":0.6781335473060608,"z":-0.6640412211418152,"w":0.22501887381076814},"size":547.4873046875,"orthographic":false}