{"cameraMode":{"drawMode":0,"name":"Shaded","section":"Shading Mode"},"sceneLighting":false,"audioPlay":false,"sceneViewState":{"showFog":true,"showMaterialUpdate":true,"showSkybox":true,"showFlares":true,"showImageEffects":true,"showParticleSystems":true},"in2DMode":false,"pivot":{"x":761.1961059570313,"y":378.16021728515627,"z":-15.027501106262207},"rotation":{"x":-0.1611708253622055,"y":0.666530191898346,"z":-0.15086987614631654,"w":-0.7120392322540283},"size":152.56622314453126,"orthographic":true}