{"cameraMode":{"drawMode":0,"name":"Shaded","section":"Shading Mode"},"sceneLighting":false,"audioPlay":false,"sceneViewState":{"showFog":true,"showMaterialUpdate":true,"showSkybox":true,"showFlares":true,"showImageEffects":true,"showParticleSystems":true},"in2DMode":false,"pivot":{"x":8.99676513671875,"y":76.44351959228516,"z":-107.6568603515625},"rotation":{"x":-0.2329634130001068,"y":0.3252119719982147,"z":-0.08300583809614182,"w":-0.9127296209335327},"size":67.43675994873047,"orthographic":false}