{"cameraMode":{"drawMode":0,"name":"Shaded","section":"Shading Mode"},"sceneLighting":false,"audioPlay":false,"sceneViewState":{"showFog":true,"showMaterialUpdate":true,"showSkybox":true,"showFlares":true,"showImageEffects":true,"showParticleSystems":true},"in2DMode":false,"pivot":{"x":181.5247802734375,"y":-80.32659149169922,"z":-3.2712037563323976},"rotation":{"x":0.18641768395900727,"y":0.7064672708511353,"z":-0.20192615687847138,"w":0.6522104144096375},"size":319.56610107421877,"orthographic":false}